Coordinate 1,Coordinate 2,Tags
"(143883, 56242, 1204)","(143886, 56275, 1204)",not syn
"(197479, 53277, 3881)","(197515, 53278, 3881)","syn,(pre) BB,(post) orphan twig"
"(205607, 51881, 5084)","(205593, 51841, 5084)","syn,(pre) BB,(post) orphan twig"
"(145398, 35018, 2163)","(145399, 34984, 2163)","syn,(pre) BB,(post) orphan twig"
"(110028, 32905, 3988)","(110050, 32918, 3989)","syn,(pre) attached twig,(post) attached twig"
"(150666, 54728, 3841)","(150634, 54736, 3841)","syn,(pre) BB,(post) attached twig"
"(64630, 74794, 4842)","(64626, 74794, 4842)","not syn,same_seg"
"(59964, 80809, 5741)","(59983, 80792, 5742)","syn,(pre) attached twig,(post) BB"
"(148639, 51438, 1306)","(148637, 51414, 1305)","syn,(pre) attached twig,(post) orphan twig"
"(89430, 70012, 5017)","(89408, 69986, 5017)","syn,(pre) attached twig,(post) orphan twig"
"(164528, 67038, 1187)","(164481, 67048, 1188)","not syn,same_seg"
"(87106, 65569, 5879)","(87139, 65586, 5879)",not syn
"(205704, 73073, 1995)","(205674, 73067, 1994)","syn,(pre) BB,(post) attached twig"
"(137441, 84779, 3261)","(137468, 84781, 3260)","syn,(pre) BB,(post) orphan twig"
"(119648, 83300, 4987)","(119652, 83320, 4987)","syn,(pre) BB,(post) orphan twig"
"(72325, 44148, 4956)","(72317, 44178, 4956)","syn,(pre) BB,(post) attached twig"
"(160632, 67897, 1801)","(160657, 67918, 1802)","syn,(pre) BB,(post) orphan twig"
"(70230, 57119, 6080)","(70246, 57147, 6079)",syn-not sure
"(124440, 27802, 2340)","(124456, 27773, 2340)","syn,(pre) attached twig,(post) BB"
"(93808, 34487, 2842)","(93809, 34510, 2841)","syn,(pre) attached twig,(post) orphan twig"
"(110897, 58542, 3124)","(110929, 58555, 3125)","syn,(pre) BB,(post) orphan twig"
"(193793, 68383, 3817)","(193806, 68378, 3818)","not syn,same_seg"
"(194989, 83349, 5388)","(194958, 83350, 5387)","not syn,same_seg"
"(123443, 72794, 3309)","(123437, 72810, 3308)","not syn,same_seg"
"(98106, 45506, 5270)","(98071, 45505, 5269)",not syn
"(104378, 52806, 2975)","(104369, 52848, 2974)",not syn
"(102396, 55164, 3774)","(102410, 55191, 3774)",not syn
"(171343, 46916, 3982)","(171358, 46895, 3982)","syn,(pre) attached twig,(post) orphan twig"
"(110640, 51994, 2951)","(110672, 51982, 2951)","syn,(pre) BB,(post) orphan twig"
"(161036, 45453, 2620)","(161053, 45470, 2619)","syn,(pre) attached twig,(post) orphan twig"
"(71309, 62411, 4859)","(71271, 62420, 4858)","syn,(pre) BB,(post) orphan twig"
"(73979, 53211, 4478)","(73977, 53246, 4478)","syn,(pre) attached twig,(post) orphan twig"
"(109274, 63114, 1557)","(109262, 63143, 1557)","syn,(pre) BB,(post) BB"
"(197448, 56521, 4765)","(197419, 56536, 4765)","syn,(pre) attached twig,(post) attached twig"
"(128309, 81888, 5494)","(128297, 81908, 5494)",not syn
"(124655, 41856, 1715)","(124652, 41839, 1715)",syn-not sure
"(82424, 55206, 4675)","(82396, 55186, 4675)","syn,(pre) BB,(post) orphan twig"
"(187858, 85010, 4758)","(187846, 84992, 4757)","syn,(pre) BB,(post) attached twig"
"(181381, 62187, 4760)","(181349, 62176, 4760)",not syn
"(142462, 51612, 3600)","(142473, 51581, 3601)","syn,(pre) BB,(post) orphan twig"
"(148707, 63831, 4565)","(148704, 63874, 4566)",syn-not sure
"(75049, 46859, 4180)","(75028, 46882, 4180)","syn,(pre) BB,(post) orphan twig"
"(107914, 32006, 3565)","(107924, 32037, 3564)",syn-not sure
"(142510, 36938, 3298)","(142528, 36950, 3299)","syn,(pre) attached twig,(post) orphan twig"
"(154369, 37100, 2751)","(154377, 37128, 2750)","syn,(pre) BB,(post) BB"
"(78461, 67782, 6122)","(78483, 67804, 6122)","syn,(pre) attached twig,(post) BB"
"(119037, 86912, 3464)","(119022, 86882, 3466)","syn,(pre) BB,(post) BB"
"(156204, 37516, 3484)","(156194, 37492, 3484)","syn,(pre) BB,(post) orphan twig"
"(66138, 58930, 5893)","(66102, 58940, 5894)","syn,(pre) attached twig,(post) attached twig"
"(96088, 34386, 2445)","(96075, 34403, 2445)","syn,(pre) attached twig,(post) orphan twig"
"(212454, 71320, 3191)","(212468, 71342, 3191)",not syn
"(70399, 57074, 4772)","(70394, 57051, 4771)","syn,(pre) orphan twig,(post) orphan twig"
"(177669, 38788, 3858)","(177698, 38773, 3857)",not syn
"(184282, 90443, 3445)","(184285, 90468, 3445)","syn,(pre) BB,(post) orphan twig"
"(37295, 102322, 3847)","(37287, 102309, 3846)","not syn,same_seg"
"(166596, 35916, 4058)","(166631, 35943, 4057)","syn,(pre) BB,(post) orphan twig"
"(160510, 42925, 2969)","(160490, 42934, 2967)","syn,(pre) BB,(post) orphan twig"
"(63387, 44954, 5882)","(63351, 44948, 5882)","syn,(pre) BB,(post) attached twig"
"(117718, 67585, 1850)","(117711, 67598, 1849)","syn,(pre) BB,(post) orphan twig"
"(94437, 74672, 5623)","(94408, 74670, 5623)","syn,(pre) BB,(post) BB"
"(85278, 75873, 4522)","(85290, 75899, 4522)",syn-not sure
"(80282, 49007, 6175)","(80287, 49024, 6176)",syn-not sure
"(190450, 47658, 4027)","(190475, 47673, 4027)","syn,(pre) BB,(post) attached twig"
"(100228, 68580, 4235)","(100194, 68580, 4235)","syn,(pre) BB,(post) orphan twig"
"(189176, 86399, 3847)","(189170, 86383, 3848)",syn-not sure
"(144987, 26076, 2743)","(144994, 26054, 2744)",not syn
"(154068, 60080, 5375)","(154027, 60058, 5375)",not syn
"(126736, 37260, 3515)","(126698, 37277, 3515)",not syn
"(159896, 25412, 2962)","(159865, 25394, 2962)","syn,(pre) BB,(post) orphan twig"
"(196371, 79450, 3745)","(196484, 79626, 3746)",
"(138848, 62919, 3462)","(138827, 62907, 3462)","syn,(pre) BB,(post) orphan twig"
"(175905, 56437, 5099)","(175918, 56419, 5098)","syn,(pre) BB,(post) BB"
"(135721, 78258, 4039)","(135719, 78280, 4040)","syn,(pre) BB,(post) attached twig"
"(92815, 71037, 5734)","(92788, 71013, 5734)","syn,(pre) BB,(post) attached twig"
"(198872, 63531, 5004)","(198894, 63516, 5004)",syn-not sure
"(92520, 40555, 4097)","(92546, 40575, 4097)","syn,(pre) BB,(post) orphan twig"
"(193519, 80034, 4771)","(193528, 80060, 4772)","syn,(pre) BB,(post) attached twig"
"(165559, 59255, 3564)","(165568, 59245, 3564)","not syn,same_seg"
"(152803, 32302, 4562)","(152777, 32292, 4561)",not syn
"(111430, 37883, 1651)","(111394, 37900, 1650)",syn-not sure
"(189801, 65951, 4057)","(189780, 65942, 4056)",not syn
"(101312, 75593, 5479)","(101310, 75559, 5479)","not syn,same_seg"
"(167050, 64804, 3207)","(167041, 64794, 3206)","syn,(pre) BB,(post) orphan twig"
"(178145, 54311, 5286)","(178144, 54284, 5287)","syn,(pre) BB,(post) orphan twig"
"(143332, 49649, 2005)","(143361, 49646, 2005)","syn,(pre) BB,(post) orphan twig"
"(112497, 56651, 4444)","(112468, 56695, 4443)",syn-not sure
"(121406, 82030, 1512)","(121421, 82016, 1510)","syn,(pre) attached twig"
"(188011, 56378, 3922)","(187992, 56402, 3922)",syn-not sure
"(139987, 57726, 1183)","(139984, 57765, 1183)","syn,(pre) BB,(post) orphan twig"
"(168829, 56701, 5404)","(168817, 56690, 5405)","syn,(pre) BB,(post) attached twig"
"(195166, 44695, 4138)","(195155, 44718, 4137)","syn,(pre) attached twig,(post) attached twig"
"(62437, 60437, 4840)","(62419, 60412, 4840)",not syn
"(161633, 59212, 3062)","(161613, 59208, 3062)","syn,(pre) BB,(post) attached twig"
"(151830, 39337, 3531)","(151805, 39313, 3530)","syn,(pre) BB,(post) orphan twig"
"(189277, 87719, 4632)","(189263, 87749, 4632)","syn,(pre) BB,(post) orphan twig"
"(107057, 27442, 2569)","(107079, 27458, 2567)","not syn,same_seg"
"(162318, 80064, 4415)","(162314, 80039, 4416)","syn,(pre) attached twig,(post) attached twig"
"(126057, 30657, 3236)","(126022, 30668, 3234)","syn,(pre) attached twig,(post) attached twig"
"(87629, 41262, 4997)","(87642, 41253, 4998)","not syn,same_seg"
"(97257, 60314, 2771)","(97285, 60294, 2771)","syn,(pre) attached twig,(post) attached twig"
"(144160, 29434, 3424)","(144134, 29424, 3424)","syn,(pre) BB,(post) orphan twig"
"(161510, 45881, 3219)","(161501, 45879, 3217)",syn-not sure
"(182055, 85929, 4777)","(182044, 85923, 4778)","syn,(pre) attached twig,(post) attached twig"
"(178006, 77676, 4831)","(178021, 77653, 4832)","syn,(pre) BB,(post) orphan twig"
"(134450, 55018, 2711)","(134443, 54986, 2711)","syn,(pre) attached twig,(post) orphan twig"
"(120187, 26429, 3494)","(120184, 26400, 3494)","syn,(pre) BB,(post) orphan twig"
"(78671, 79968, 4942)","(78695, 79975, 4942)","syn,(pre) BB,(post) attached twig"
"(64806, 43927, 5903)","(64795, 43890, 5903)","syn,(pre) BB,(post) orphan twig"
"(57079, 66442, 5323)","(57100, 66424, 5322)",syn-not sure
"(83282, 59106, 6426)","(83320, 59100, 6427)","syn,(pre) BB,(post) attached twig"
"(77342, 49900, 4659)","(77320, 49872, 4659)","syn,(pre) attached twig,(post) attached twig"
"(96182, 33874, 2803)","(96175, 33863, 2805)",not syn
"(54782, 65621, 5962)","(54778, 65646, 5962)","syn,(pre) BB,(post) orphan twig"
"(68974, 58838, 5353)","(68995, 58826, 5352)",not syn
"(135585, 56698, 2360)","(135584, 56682, 2362)",syn-not sure
"(152261, 26238, 1894)","(152292, 26222, 1893)","syn,(pre) BB,(post) attached twig"
"(149013, 29502, 2313)","(149037, 29510, 2313)","syn,(pre) BB,(post) BB"
"(173681, 58436, 1538)","(173680, 58448, 1540)",syn-not sure
"(108907, 52474, 4280)","(108888, 52437, 4280)",not syn
"(198858, 66006, 5561)","(198858, 66034, 5561)","syn,(pre) BB,(post) orphan twig"
"(85672, 55942, 5345)","(85650, 55918, 5345)","syn,(pre) BB,(post) orphan twig"
"(111822, 61348, 3861)","(111790, 61339, 3861)","syn,(pre) BB,(post) orphan twig"
"(64568, 84914, 4724)","(64546, 84906, 4724)","syn,(pre) BB,(post) attached twig"
"(199466, 77630, 4685)","(199444, 77616, 4685)","syn,(pre) attached twig,(post) attached twig"
"(112897, 69467, 2789)","(112891, 69438, 2790)","not syn,same_seg"
"(108858, 48706, 1878)","(108884, 48712, 1877)","syn,(pre) BB,(post) attached twig"
"(54425, 62179, 3663)","(54408, 62160, 3663)",not syn
"(138909, 41642, 2843)","(138932, 41649, 2843)","syn,(pre) BB,(post) attached twig"
"(197492, 75370, 3301)","(197499, 75392, 3299)",syn-not sure
"(146175, 25689, 2067)","(146180, 25722, 2067)",not syn
"(211426, 84565, 2367)","(211442, 84560, 2368)","syn,(pre) attached twig,(post) attached twig"
"(127999, 38176, 3993)","(127993, 38206, 3993)","syn,(pre) BB,(post) orphan twig"
"(108863, 57702, 2372)","(108890, 57696, 2372)","syn,(pre) BB,(post) orphan twig"
"(163302, 71013, 3110)","(163335, 71024, 3110)","syn,(pre) BB,(post) attached twig"
"(186906, 49163, 4411)","(186887, 49185, 4410)",not syn
"(182650, 62840, 5688)","(182642, 62810, 5688)",not syn
"(205252, 68508, 3733)","(205232, 68494, 3733)","syn,(pre) BB,(post) orphan twig"
"(71192, 77085, 6219)","(71156, 77109, 6218)","syn,(pre) BB,(post) orphan twig"
"(182842, 90368, 2925)","(182845, 90372, 2924)",syn-not sure
"(129255, 42122, 4029)","(129256, 42147, 4028)","syn,(pre) attached twig,(post) orphan twig"
"(170034, 77941, 4583)","(170020, 77966, 4583)","syn,(pre) attached twig,(post) orphan twig"
"(63263, 80689, 4498)","(63273, 80668, 4497)",not syn
"(85348, 87576, 5456)","(85380, 87574, 5456)","syn,(pre) BB,(post) orphan twig"
"(67986, 75368, 6325)","(68010, 75390, 6325)","syn,(pre) attached twig,(post) attached twig"
"(194612, 69677, 2689)","(194589, 69690, 2689)","syn,(pre) BB,(post) attached twig"
"(108147, 28112, 2576)","(108152, 28126, 2576)",not syn
"(184349, 77245, 2546)","(184339, 77268, 2546)","syn,(pre) attached twig,(post) attached twig"
"(98661, 28534, 4180)","(98684, 28544, 4180)","syn,(pre) BB,(post) orphan twig"
"(112462, 39916, 3820)","(112492, 39929, 3821)","syn,(pre) attached twig,(post) orphan twig"
"(73723, 50588, 6479)","(73774, 50625, 6477)","not syn,same_seg"
"(80608, 55194, 5068)","(80606, 55221, 5068)","syn,(pre) BB,(post) orphan twig"
"(210596, 53532, 4919)","(210616, 53552, 4920)",not syn
"(143056, 39575, 1963)","(143106, 39568, 1964)","syn,(pre) BB,(post) orphan twig"
"(146597, 43438, 2232)","(146619, 43402, 2232)",not syn
"(139976, 49366, 3451)","(139982, 49344, 3451)","syn,(pre) BB,(post) orphan twig"
"(84084, 87312, 4741)","(84108, 87322, 4741)","syn,(pre) BB,(post) attached twig"
"(201023, 65305, 5197)","(201040, 65326, 5197)","syn,(pre) BB,(post) attached twig"
"(185166, 84666, 3521)","(185184, 84646, 3521)","syn,(pre) BB,(post) orphan twig"
"(108351, 41338, 5086)","(108376, 41328, 5086)",syn-not sure
"(168484, 74638, 4654)","(168498, 74660, 4652)","syn,(pre) attached twig,(post) orphan twig"
"(211348, 69126, 4976)","(211364, 69112, 4975)","not syn,same_seg"
"(82621, 70368, 4186)","(82605, 70376, 4185)",syn-not sure
"(65285, 76728, 4582)","(65250, 76736, 4581)","syn,(pre) BB,(post) attached twig"
"(188619, 74524, 3662)","(188619, 74491, 3662)","syn,(pre) BB,(post) attached twig"
"(77456, 57685, 3305)","(77464, 57683, 3305)","not syn,same_seg"
"(87803, 46713, 3021)","(87781, 46718, 3020)","syn,(pre) attached twig,(post) orphan twig"
"(105304, 21204, 3841)","(105344, 21188, 3840)","syn,(pre) orphan twig,(post) orphan twig"
"(91981, 50385, 4911)","(91968, 50360, 4911)","syn,(pre) BB,(post) orphan twig"
"(147755, 56124, 2050)","(147721, 56124, 2050)","syn,(pre) BB,(post) attached twig"
"(124110, 70088, 4638)","(124083, 70069, 4638)","syn,(pre) BB,(post) orphan twig"
"(67606, 76213, 6346)","(67591, 76229, 6346)",not syn
"(203758, 64331, 4479)","(203734, 64354, 4479)",not syn
"(163900, 69845, 4957)","(163898, 69870, 4957)","syn,(pre) BB,(post) attached twig"
"(86056, 58252, 3301)","(86033, 58264, 3302)",not syn
"(163470, 36976, 1520)","(163458, 36971, 1521)","syn,(pre) attached twig,(post) BB"
"(98480, 59120, 2975)","(98474, 59094, 2975)","syn,(pre) BB,(post) orphan twig"
"(72934, 63926, 4349)","(72906, 63914, 4348)","syn,(pre) BB,(post) orphan twig"
"(164060, 33280, 2878)","(164084, 33294, 2879)","syn,(pre) BB,(post) orphan twig"
"(161586, 68324, 2160)","(161589, 68337, 2160)","not syn,same_seg"
"(118980, 44576, 4661)","(118991, 44610, 4661)","syn,(pre) BB,(post) orphan twig"
"(91382, 41480, 3964)","(91370, 41457, 3964)","syn,(pre) BB,(post) orphan twig"
"(179171, 52902, 4178)","(179166, 52890, 4178)","not syn,same_seg"
"(124512, 63527, 2888)","(124500, 63488, 2889)",not syn
"(120460, 72233, 3471)","(120445, 72209, 3470)","syn,(pre) BB,(post) attached twig"
"(122984, 64298, 3460)","(122948, 64298, 3459)","syn,(pre) BB,(post) attached twig"
"(98670, 74335, 4685)","(98650, 74314, 4685)","syn,(pre) orphan twig,(post) BB"
"(94249, 63166, 6162)","(94200, 63176, 6162)",not syn
"(146039, 70680, 4022)","(146071, 70689, 4022)","syn,(pre) BB,(post) BB"
"(64758, 83119, 5874)","(64725, 83109, 5873)","syn,(pre) BB,(post) BB"
"(144144, 72970, 3199)","(144134, 72972, 3197)","not syn,same_seg"
"(54244, 74624, 5778)","(54238, 74584, 5779)","syn,(pre) BB,(post) attached twig"
"(185671, 72888, 3425)","(185687, 72869, 3424)","syn,(pre) BB,(post) orphan twig"
"(72770, 58852, 4510)","(72804, 58862, 4509)","syn,(pre) attached twig,(post) attached twig"
"(126612, 71047, 4667)","(126637, 71028, 4668)",not syn
"(189546, 85711, 3464)","(189560, 85733, 3464)","syn,(pre) BB,(post) attached twig"
"(81826, 84034, 4524)","(81813, 84051, 4523)","syn,(pre) BB,(post) attached twig"
"(133577, 68131, 2634)","(133598, 68106, 2635)",not syn
"(169532, 70454, 4579)","(169529, 70422, 4579)","syn,(pre) BB,(post) orphan twig"
"(74610, 46374, 3868)","(74638, 46372, 3868)","syn,(pre) BB,(post) orphan twig"
"(174144, 74524, 3256)","(174130, 74522, 3258)",syn-not sure
"(173018, 59372, 3247)","(173000, 59381, 3246)","syn,(pre) BB,(post) BB"
"(138711, 38232, 2018)","(138732, 38240, 2017)","syn,(pre) attached twig,(post) orphan twig"
"(88865, 41436, 4038)","(88858, 41392, 4037)","syn,(pre) BB,(post) orphan twig"
"(190999, 82250, 3935)","(191028, 82230, 3935)",not syn
"(220546, 61930, 3657)","(220516, 61927, 3657)","not syn,same_seg"
"(137007, 62107, 2776)","(136990, 62112, 2775)","not syn,same_seg"
"(183856, 84541, 3747)","(183838, 84520, 3747)","syn,(pre) BB,(post) orphan twig"
"(69417, 55434, 3861)","(69440, 55434, 3860)","not syn,same_seg"
"(86426, 37437, 3884)","(86417, 37468, 3885)","syn,(pre) BB,(post) orphan twig"
"(95700, 30375, 3245)","(95703, 30384, 3243)","syn,(pre) BB,(post) orphan twig"
"(60173, 65745, 4580)","(60174, 65720, 4580)",not syn
"(171524, 43562, 3189)","(171513, 43593, 3189)","syn,(pre) BB,(post) orphan twig"
"(146454, 67782, 2612)","(146472, 67783, 2611)",syn-not sure
"(113916, 44110, 2435)","(113912, 44084, 2434)","syn,(pre) BB,(post) attached twig"
"(84994, 58088, 3767)","(85000, 58066, 3767)",syn-not sure
"(134862, 26777, 2654)","(134829, 26786, 2654)","syn,(pre) BB,(post) orphan twig"
"(167458, 57833, 2866)","(167498, 57822, 2866)","syn,(pre) BB,(post) orphan twig"
"(99310, 35310, 2852)","(99334, 35331, 2853)",not syn
"(68718, 37880, 5748)","(68724, 37834, 5748)",not syn
"(201142, 84710, 3724)","(201135, 84700, 3725)","syn,(pre) BB,(post) orphan twig"
"(136916, 81017, 1726)","(136938, 81002, 1726)","syn,(pre) BB,(post) attached twig"
"(158228, 30343, 2739)","(158243, 30351, 2740)",syn-not sure
"(138498, 51055, 4142)","(138532, 51042, 4140)","syn,(pre) BB,(post) attached twig"
"(88168, 44436, 3308)","(88150, 44417, 3307)","not syn,same_seg"
"(215010, 76003, 2510)","(215011, 75972, 2510)","syn,(pre) BB,(post) attached twig"
"(202554, 70485, 3946)","(202548, 70479, 3948)",not syn
"(101692, 46901, 3626)","(101665, 46883, 3626)","syn,(pre) BB,(post) orphan twig"
"(163454, 80730, 3602)","(163452, 80724, 3601)",not syn
"(67751, 69354, 3989)","(67778, 69346, 3989)","syn,(pre) attached twig,(post) attached twig"
"(60799, 57946, 3669)","(60781, 57933, 3670)","not syn,same_seg"
"(146154, 72206, 4602)","(146182, 72184, 4602)","syn,(pre) BB,(post) orphan twig"
"(116645, 56885, 1861)","(116662, 56856, 1861)",syn-not sure
"(154300, 58312, 1092)","(154270, 58302, 1092)","syn,(pre) BB,(post) attached twig"
"(178064, 65814, 4406)","(178068, 65791, 4406)","syn,(pre) BB,(post) orphan twig"
"(194495, 94914, 4267)","(194475, 94928, 4268)","syn,(pre) attached twig,(post) attached twig"
"(174070, 57369, 3392)","(174053, 57351, 3392)",not syn
"(85047, 61996, 5013)","(85080, 61994, 5012)","syn,(pre) BB,(post) attached twig"
"(59086, 56187, 6232)","(59078, 56153, 6232)","syn,(pre) orphan twig,(post) orphan twig"
"(70087, 70115, 5518)","(70118, 70121, 5519)","syn,(pre) BB,(post) attached twig"
"(182670, 85368, 3969)","(182690, 85350, 3969)","syn,(pre) BB,(post) attached twig"
"(197319, 73843, 4456)","(197355, 73840, 4455)","syn,(pre) BB,(post) attached twig"
"(122043, 84138, 2543)","(122020, 84137, 2541)","syn,(pre) BB,(post) attached twig"
"(130839, 37202, 3090)","(130866, 37205, 3091)","syn,(pre) BB,(post) orphan twig"
"(197458, 71602, 3107)","(197488, 71585, 3106)","not syn,same_seg"
"(99437, 59617, 2666)","(99456, 59601, 2666)",syn-not sure
"(68218, 52151, 5895)","(68254, 52142, 5895)",not syn
"(152770, 42340, 3415)","(152801, 42366, 3415)","syn,(pre) attached twig,(post) attached twig"
"(137516, 47018, 4012)","(137495, 47030, 4011)","syn,(pre) BB,(post) attached twig"
"(63039, 51696, 5320)","(63033, 51701, 5321)",syn-not sure
"(151198, 59562, 1194)","(151232, 59579, 1194)","syn,(pre) BB,(post) orphan twig"
"(111394, 62771, 2628)","(111392, 62758, 2626)","syn,(pre) BB,(post) orphan twig"
"(117544, 45086, 956)","(117525, 45113, 955)","syn,(pre) BB,(post) orphan twig"
"(79004, 59322, 6477)","(79023, 59360, 6477)","syn,(pre) BB,(post) attached twig"
"(172440, 81978, 5024)","(172440, 82002, 5024)","syn,(pre) BB,(post) orphan twig"
"(110659, 48183, 4878)","(110681, 48173, 4880)",not syn
"(165578, 53662, 1360)","(165596, 53640, 1361)","syn,(pre) BB,(post) attached twig"
"(102657, 51723, 3914)","(102659, 51695, 3914)","syn,(pre) BB,(post) orphan twig"
"(140903, 71894, 3049)","(140874, 71874, 3049)","syn,(pre) attached twig,(post) orphan twig"
"(172510, 70407, 5370)","(172511, 70405, 5372)","not syn,same_seg"
"(120044, 81564, 3365)","(120076, 81560, 3365)","syn,(pre) BB,(post) attached twig"
"(135716, 54972, 989)","(135681, 54948, 990)","syn,(pre) BB,(post) attached twig"
"(168010, 40640, 4208)","(168006, 40628, 4206)",syn-not sure
"(138893, 37886, 2972)","(138929, 37889, 2972)","syn,(pre) BB,(post) orphan twig"
"(198435, 73459, 3197)","(198400, 73448, 3197)","syn,(pre) BB,(post) orphan twig"
"(129123, 48166, 2261)","(129138, 48174, 2262)","syn,(pre) BB,(post) attached twig"
"(172344, 65550, 5810)","(172343, 65575, 5811)","not syn,same_seg"
"(106178, 28214, 4138)","(106164, 28218, 4136)","syn,(pre) BB,(post) attached twig"
"(175965, 68538, 4004)","(175955, 68536, 4004)","not syn,same_seg"
"(90846, 54837, 5400)","(90864, 54828, 5401)",not syn
"(95320, 45606, 3435)","(95306, 45564, 3434)","syn,(pre) BB,(post) orphan twig"
"(165460, 70202, 4598)","(165462, 70184, 4598)","not syn,same_seg"
"(115270, 31812, 3756)","(115284, 31826, 3756)","syn,(pre) BB,(post) attached twig"
"(109027, 34430, 3449)","(109024, 34396, 3448)","syn,(pre) BB,(post) orphan twig"
"(66072, 54737, 6236)","(66074, 54711, 6237)","syn,(pre) BB,(post) attached twig"
"(84845, 51844, 3399)","(84818, 51816, 3400)",not syn
"(193052, 63084, 5237)","(193054, 63072, 5237)","not syn,same_seg"
"(136640, 83426, 1491)","(136622, 83403, 1491)","syn,(pre) BB,(post) orphan twig"
"(195060, 83168, 4483)","(195044, 83147, 4482)","syn,(pre) BB,(post) orphan twig"
"(182640, 58482, 2757)","(182638, 58478, 2757)","not syn,same_seg"
"(195031, 70310, 4657)","(195049, 70333, 4657)","syn,(pre) BB,(post) BB"
"(170774, 31472, 3648)","(170773, 31427, 3648)","syn,(pre) BB,(post) orphan twig"
"(106959, 26690, 2104)","(106968, 26715, 2104)","syn,(pre) BB,(post) orphan twig"
"(159510, 41293, 1614)","(159528, 41260, 1613)","syn,(pre) BB,(post) orphan twig"
"(64085, 80798, 6483)","(64118, 80808, 6483)","syn,(pre) orphan twig,(post) orphan twig"
"(151576, 58326, 4565)","(151596, 58348, 4565)","syn,(pre) BB,(post) orphan twig"
"(138943, 28578, 1996)","(138962, 28565, 1996)","syn,(pre) BB,(post) orphan twig"
"(132748, 35601, 3141)","(132732, 35630, 3141)","syn,(pre) BB,(post) orphan twig"
"(148338, 83547, 3386)","(148316, 83540, 3386)","not syn,same_seg"
"(161280, 43544, 4076)","(161253, 43542, 4075)","syn,(pre) BB,(post) orphan twig"
"(139402, 40253, 2906)","(139407, 40225, 2906)","syn,(pre) BB,(post) attached twig"
"(154528, 54150, 1683)","(154536, 54169, 1682)","not syn,same_seg"
"(151441, 72913, 3720)","(151423, 72900, 3720)","not syn,same_seg"
"(140550, 28892, 1103)","(140546, 28845, 1104)","not syn,same_seg"
"(79221, 69727, 4260)","(79214, 69701, 4260)","syn,(pre) attached twig,(post) attached twig"
"(122562, 60616, 3947)","(122587, 60615, 3947)","syn,(pre) BB,(post) attached twig"
"(67066, 68991, 4104)","(67042, 68999, 4104)","syn,(pre) BB,(post) attached twig"
"(52589, 78780, 3184)","(52619, 78834, 3182)",not syn
"(127916, 86239, 3067)","(127918, 86259, 3065)","syn,(pre) BB,(post) orphan twig"
"(61276, 62856, 5821)","(61274, 62898, 5822)",not syn
"(173746, 80089, 3695)","(173712, 80068, 3696)","syn,(pre) BB,(post) orphan twig"
"(150300, 63635, 1925)","(150290, 63602, 1927)","syn,(pre) BB,(post) orphan twig"
"(190690, 68124, 1928)","(190694, 68122, 1927)","not syn,same_seg"
"(128800, 45441, 3994)","(128769, 45438, 3994)","syn,(pre) BB,(post) attached twig"
"(196825, 45540, 4330)","(196792, 45552, 4329)","syn,(pre) BB,(post) attached twig"
"(165400, 79678, 4935)","(165374, 79702, 4934)","syn,(pre) BB,(post) orphan twig"
"(137971, 50725, 4884)","(137980, 50724, 4883)",not syn
"(158896, 54280, 5332)","(158873, 54304, 5331)",not syn
"(86140, 38442, 4202)","(86132, 38407, 4202)","syn,(pre) BB,(post) BB"
"(121490, 56992, 2918)","(121462, 56977, 2918)","syn,(pre) attached twig,(post) orphan twig"
"(168060, 37625, 3269)","(168029, 37613, 3269)","syn,(pre) BB,(post) orphan twig"
"(88158, 51932, 3412)","(88147, 51955, 3411)","syn,(pre) orphan twig,(post) orphan twig"
"(135026, 76929, 2782)","(135036, 76959, 2782)","syn,(pre) BB,(post) orphan twig"
"(207510, 70832, 4728)","(207472, 70841, 4728)",not syn
"(85981, 61099, 6421)","(85987, 61133, 6420)","syn,(pre) BB,(post) attached twig"
"(169409, 50785, 2041)","(169406, 50819, 2041)","syn,(pre) BB,(post) orphan twig"
"(158751, 59966, 3965)","(158786, 59990, 3965)","syn,(pre) BB,(post) attached twig"
"(127614, 78646, 3614)","(127609, 78630, 3614)","not syn,same_seg"
"(61855, 51012, 4661)","(61851, 51031, 4660)","syn,(pre) orphan twig,(post) attached twig"
"(119526, 28688, 2837)","(119504, 28696, 2836)",syn-not sure
"(149878, 49348, 4197)","(149871, 49356, 4197)","not syn,same_seg"
"(177577, 83454, 3688)","(177604, 83464, 3688)","syn,(pre) BB,(post) attached twig"
"(189781, 76354, 5525)","(189758, 76386, 5524)","syn,(pre) BB,(post) orphan twig"
"(121872, 81993, 2172)","(121877, 82020, 2172)","syn,(pre) BB,(post) orphan twig"
"(97218, 76104, 5323)","(97188, 76085, 5323)","syn,(pre) BB,(post) orphan twig"
"(163324, 73446, 4619)","(163344, 73421, 4619)","syn,(pre) attached twig,(post) attached twig"
"(193758, 55574, 3050)","(193735, 55562, 3049)",not syn
"(77910, 76338, 6130)","(77870, 76326, 6130)","syn,(pre) BB,(post) orphan twig"
"(104057, 57759, 2732)","(104039, 57733, 2731)","syn,(pre) BB,(post) orphan twig"
"(110108, 38542, 3559)","(110108, 38524, 3559)",syn-not sure
"(138560, 70166, 1569)","(138550, 70126, 1569)",not syn
"(182535, 49139, 4865)","(182518, 49138, 4864)","syn,(pre) BB,(post) attached twig"
"(111603, 35339, 1815)","(111618, 35306, 1813)","syn,(pre) BB,(post) orphan twig"
"(179394, 83033, 2734)","(179398, 83007, 2734)","syn,(pre) BB,(post) attached twig"
"(103970, 36175, 4264)","(103949, 36214, 4264)","syn,(pre) BB,(post) orphan twig"
"(187186, 51925, 4706)","(187164, 51916, 4704)",not syn
"(173120, 40718, 3471)","(173108, 40691, 3472)","syn,(pre) BB,(post) BB"
"(187606, 86974, 3700)","(187614, 86948, 3699)","not syn,same_seg"
"(124496, 67835, 1571)","(124472, 67846, 1570)","syn,(pre) BB,(post) orphan twig"
"(96614, 55198, 2243)","(96632, 55228, 2243)",syn-not sure
"(111059, 43118, 4186)","(111050, 43081, 4186)","syn,(pre) BB,(post) orphan twig"
"(162471, 42019, 1591)","(162447, 42033, 1590)","syn,(pre) BB,(post) orphan twig"
"(90239, 62052, 3972)","(90223, 62042, 3971)","not syn,same_seg"
"(90208, 74125, 4209)","(90204, 74114, 4209)",not syn
"(83991, 53748, 5706)","(83979, 53760, 5704)","syn,(pre) BB,(post) attached twig"
"(122779, 49273, 3527)","(122758, 49263, 3527)","syn,(pre) BB,(post) attached twig"
"(171210, 74416, 3269)","(171212, 74429, 3269)","not syn,same_seg"
"(165013, 34585, 3891)","(165030, 34606, 3890)","syn,(pre) attached twig,(post) orphan twig"
"(120902, 56528, 3259)","(120886, 56484, 3259)",syn-not sure
"(139467, 59846, 470)","(139446, 59860, 470)","syn,(pre) BB,(post) orphan twig"
"(61315, 58098, 3456)","(61330, 58091, 3455)",not syn
"(193908, 79169, 4651)","(193891, 79143, 4652)","syn,(pre) BB,(post) orphan twig"
"(177138, 80480, 3174)","(177093, 80482, 3174)",not syn
"(111839, 47736, 4203)","(111815, 47741, 4204)","syn,(pre) attached twig,(post) attached twig"
"(205502, 64918, 4455)","(205522, 64936, 4455)",syn-not sure
"(49590, 73261, 3265)","(49593, 73241, 3266)",not syn
"(59759, 48829, 5329)","(59758, 48850, 5330)",syn-not sure
"(158712, 55920, 2371)","(158693, 55912, 2371)","syn,(pre) BB,(post) orphan twig"
"(157258, 36504, 1495)","(157251, 36472, 1495)","syn,(pre) BB,(post) attached twig"
"(190504, 54343, 4132)","(190506, 54322, 4132)","syn,(pre) BB,(post) attached twig"
"(160580, 64220, 4075)","(160603, 64220, 4074)","syn,(pre) BB,(post) orphan twig"
"(113513, 35418, 3653)","(113522, 35444, 3653)","syn,(pre) BB,(post) orphan twig"
"(208546, 46048, 3490)","(208601, 46036, 3490)","syn,(pre) BB,(post) attached twig"
"(137724, 33135, 3056)","(137744, 33133, 3056)","syn,(pre) BB,(post) orphan twig"
"(111972, 27878, 3815)","(111942, 27866, 3815)","syn,(pre) BB,(post) orphan twig"
"(190893, 68920, 5296)","(190885, 68933, 5296)","not syn,same_seg"
"(155984, 54498, 4202)","(155972, 54472, 4201)",syn-not sure
"(146262, 29532, 1398)","(146298, 29547, 1400)","not syn,same_seg"
"(166115, 62745, 4123)","(166090, 62760, 4123)","syn,(pre) BB,(post) orphan twig"
"(115005, 45318, 4472)","(114989, 45332, 4472)",not syn
"(155487, 56840, 2428)","(155450, 56849, 2428)",not syn
"(127126, 61582, 1366)","(127109, 61558, 1366)","syn,(pre) BB,(post) BB"
"(73779, 73734, 4487)","(73788, 73750, 4487)",not syn
"(157940, 43890, 1862)","(157936, 43879, 1863)","not syn,same_seg"
"(87610, 81508, 5599)","(87633, 81510, 5600)","syn,(pre) BB,(post) orphan twig"
"(66878, 80062, 6768)","(66844, 80089, 6767)","not syn,same_seg"
"(191602, 86625, 3020)","(191635, 86629, 3021)",not syn
"(180272, 75400, 3479)","(180264, 75412, 3478)","syn,(pre) BB,(post) attached twig"
"(130130, 30150, 2118)","(130154, 30172, 2118)","syn,(pre) BB,(post) BB"
"(184103, 56763, 4321)","(184098, 56793, 4320)","syn,(pre) BB,(post) attached twig"
"(84671, 36742, 5005)","(84638, 36735, 5006)","not syn,same_seg"
"(96794, 54226, 3438)","(96823, 54236, 3438)","syn,(pre) BB,(post) orphan twig"
"(130436, 45343, 3603)","(130460, 45332, 3603)","syn,(pre) BB,(post) attached twig"
"(82029, 61062, 6158)","(82016, 61086, 6158)","syn,(pre) BB,(post) orphan twig"
"(152417, 53106, 2823)","(152428, 53076, 2823)","syn,(pre) orphan twig,(post) orphan twig"
"(148342, 33676, 2336)","(148362, 33666, 2336)","syn,(pre) BB,(post) orphan twig"
"(122077, 55504, 3996)","(122106, 55543, 3996)","syn,(pre) BB,(post) attached twig"
"(201379, 95349, 4542)","(201402, 95357, 4542)",not syn
"(163659, 35540, 1419)","(163686, 35546, 1419)","syn,(pre) BB,(post) orphan twig"
"(110221, 29958, 3386)","(110234, 29986, 3385)","syn,(pre) BB,(post) orphan twig"
"(71692, 48676, 5252)","(71693, 48682, 5252)","not syn,same_seg"
"(157764, 55533, 1894)","(157744, 55544, 1894)","syn,(pre) BB,(post) orphan twig"
"(110804, 31056, 4223)","(110786, 31048, 4222)","syn,(pre) BB,(post) orphan twig"
"(97958, 52236, 2882)","(97973, 52261, 2881)",not syn
"(184553, 53045, 3027)","(184544, 53046, 3027)","not syn,same_seg"
"(162634, 34897, 4316)","(162658, 34884, 4316)","syn,(pre) BB,(post) orphan twig"
"(149201, 61189, 2302)","(149212, 61197, 2302)","not syn,same_seg"
"(137742, 26362, 2323)","(137754, 26336, 2323)","syn,(pre) BB"
"(128520, 78150, 2435)","(128522, 78156, 2433)","syn,(pre) BB,(post) orphan twig"
"(99677, 52506, 2502)","(99696, 52484, 2502)","syn,(pre) BB,(post) BB"
"(66166, 71628, 5711)","(66134, 71640, 5711)","syn,(pre) BB,(post) attached twig"
"(211102, 70114, 4811)","(211120, 70132, 4811)","syn,(pre) BB,(post) BB"
"(139590, 34905, 1318)","(139550, 34912, 1318)",not syn
"(164336, 72591, 1489)","(164340, 72570, 1488)",not syn
"(129864, 34170, 1323)","(129856, 34147, 1324)",not syn
"(101480, 49388, 3046)","(101468, 49402, 3046)",syn-not sure
"(190083, 80268, 4403)","(190074, 80292, 4402)","syn,(pre) BB,(post) attached twig"
"(179500, 84618, 3546)","(179516, 84604, 3546)",not syn
"(73404, 76224, 5846)","(73394, 76245, 5846)","not syn,same_seg"
"(152499, 37164, 3684)","(152477, 37154, 3683)",not syn
"(92073, 34109, 3029)","(92076, 34073, 3028)","syn,(pre) BB,(post) orphan twig"
"(201638, 59382, 4760)","(201669, 59393, 4759)","syn,(pre) BB,(post) orphan twig"
"(104726, 54802, 2352)","(104728, 54772, 2353)","syn,(pre) BB,(post) orphan twig"
"(183212, 78472, 5538)","(183177, 78441, 5538)","not syn,same_seg"
"(97904, 50642, 3967)","(97886, 50656, 3967)","syn,(pre) BB,(post) orphan twig"
"(141158, 74870, 1547)","(141138, 74888, 1547)","syn,(pre) BB,(post) orphan twig"
"(141560, 69150, 1950)","(141549, 69131, 1950)",syn-not sure
"(150216, 51026, 1503)","(150196, 51008, 1503)","syn,(pre) BB,(post) attached twig"
"(161249, 85304, 3536)","(161260, 85308, 3535)","not syn,same_seg"
"(173422, 81202, 3131)","(173397, 81186, 3130)",not syn
"(133942, 55694, 3080)","(133902, 55678, 3080)",not syn
"(60289, 51340, 4469)","(60267, 51357, 4469)","syn,(pre) BB,(post) attached twig"
"(202719, 69648, 5084)","(202728, 69670, 5084)","syn,(pre) BB,(post) orphan twig"
"(138084, 44398, 2763)","(138068, 44376, 2763)",syn-not sure
"(105377, 44015, 2284)","(105397, 44037, 2283)","syn,(pre) BB,(post) BB"
"(167076, 61499, 3566)","(167090, 61506, 3564)","syn,(pre) BB,(post) orphan twig"
"(187993, 57775, 3916)","(187973, 57784, 3919)","syn,(pre) BB,(post) orphan twig"
"(90832, 78416, 4370)","(90824, 78386, 4369)","syn,(pre) BB,(post) attached twig"
"(101512, 26623, 3928)","(101502, 26607, 3927)",syn-not sure
"(62736, 71543, 4264)","(62712, 71530, 4265)","syn,(pre) BB,(post) orphan twig"
"(147233, 62923, 4585)","(147258, 62953, 4585)","syn,(pre) BB,(post) orphan twig"
"(185957, 53349, 3668)","(185970, 53338, 3667)","syn,(pre) BB,(post) orphan twig"
"(89605, 61556, 5897)","(89613, 61582, 5897)","syn,(pre) BB,(post) attached twig"
"(143498, 39131, 4947)","(143501, 39127, 4947)","not syn,same_seg"
"(187094, 68900, 5143)","(187094, 68894, 5144)","not syn,same_seg"
"(138650, 54527, 1679)","(138623, 54527, 1679)","syn,(pre) attached twig,(post) orphan twig"
"(92119, 46088, 4489)","(92111, 46049, 4489)","syn,(pre) BB,(post) attached twig"
"(52474, 69622, 6337)","(52504, 69644, 6337)",not syn
"(86611, 73317, 6202)","(86637, 73300, 6202)","syn,(pre) BB,(post) orphan twig"
"(154273, 22813, 3315)","(154289, 22832, 3315)",syn-not sure
"(72923, 83587, 5815)","(72953, 83592, 5815)","syn,(pre) BB,(post) orphan twig"
"(61503, 46290, 4073)","(61518, 46268, 4073)",not syn
"(147940, 55054, 1148)","(147945, 55025, 1149)","syn,(pre) BB,(post) attached twig"
"(116417, 70092, 3185)","(116378, 70116, 3185)","syn,(pre) BB,(post) BB"
"(85004, 71874, 5023)","(84967, 71867, 5022)","syn,(pre) BB,(post) attached twig"
"(165466, 71343, 4326)","(165456, 71374, 4326)","syn,(pre) BB,(post) attached twig"
"(196056, 58346, 3088)","(196084, 58380, 3088)","syn,(pre) BB,(post) attached twig"
"(185810, 53208, 3585)","(185806, 53231, 3585)","syn,(pre) BB,(post) BB"
"(140380, 84132, 2669)","(140360, 84150, 2668)","syn,(pre) BB,(post) orphan twig"
"(177592, 57620, 4183)","(177592, 57595, 4184)",syn-not sure
"(188234, 84038, 3944)","(188220, 84030, 3943)","syn,(pre) BB,(post) attached twig"
"(123719, 64658, 1770)","(123732, 64671, 1770)","not syn,same_seg"
"(153726, 54298, 2363)","(153704, 54292, 2362)",syn-not sure
"(125287, 41988, 2813)","(125282, 42008, 2814)","syn,(pre) BB,(post) orphan twig"
"(173622, 33452, 3132)","(173636, 33432, 3133)","syn,(pre) attached twig,(post) orphan twig"
"(170809, 55282, 1429)","(170808, 55275, 1430)","not syn,same_seg"
"(117740, 78794, 2915)","(117753, 78774, 2915)","syn,(pre) BB,(post) orphan twig"
"(58690, 60310, 6732)","(58651, 60347, 6732)","not syn,same_seg"
"(150791, 74215, 3320)","(150769, 74206, 3320)","syn,(pre) BB,(post) orphan twig"
"(70721, 53933, 5733)","(70695, 53915, 5732)",not syn
"(148432, 63637, 4729)","(148429, 63660, 4729)","syn,(pre) BB,(post) orphan twig"
"(161568, 58523, 2186)","(161578, 58545, 2186)",not syn
"(73503, 66261, 3215)","(73501, 66223, 3215)",syn-not sure
"(190043, 82628, 3118)","(190076, 82627, 3117)","not syn,same_seg"
"(86296, 53519, 4852)","(86286, 53540, 4852)","syn,(pre) BB,(post) attached twig"
"(156831, 57402, 1754)","(156862, 57392, 1755)","syn,(pre) BB,(post) attached twig"
"(85697, 61169, 6410)","(85697, 61152, 6410)",not syn
"(97665, 64812, 5904)","(97690, 64807, 5905)",not syn
"(142334, 62825, 2515)","(142310, 62824, 2516)","not syn,same_seg"
"(205314, 59948, 3610)","(205326, 59924, 3609)",not syn
"(90334, 77274, 4840)","(90328, 77286, 4842)","not syn,same_seg"
"(145106, 70896, 2887)","(145110, 70933, 2886)","syn,(pre) BB,(post) orphan twig"
"(177821, 54526, 2860)","(177816, 54555, 2860)","syn,(pre) BB,(post) orphan twig"
"(169174, 83862, 3823)","(169192, 83888, 3823)","syn,(pre) BB,(post) attached twig"
"(123679, 36312, 4216)","(123694, 36338, 4216)",not syn
"(152772, 36153, 4303)","(152760, 36164, 4303)",not syn
"(72162, 77985, 5609)","(72167, 78005, 5609)","syn,(pre) BB,(post) BB"
"(71640, 37317, 4798)","(71643, 37292, 4799)",not syn
"(200118, 71526, 3540)","(200142, 71525, 3541)",syn-not sure
"(106600, 30487, 2452)","(106595, 30518, 2453)","syn,(pre) BB,(post) attached twig"
"(87378, 73232, 6006)","(87376, 73260, 6006)",not syn
"(152496, 36026, 4218)","(152463, 36039, 4218)",not syn
"(69346, 67813, 6072)","(69356, 67848, 6072)",syn-not sure
"(111273, 51586, 1512)","(111298, 51604, 1511)","not syn,same_seg"
"(126968, 62967, 3010)","(126998, 62962, 3011)","syn,(pre) BB,(post) orphan twig"
"(215424, 86616, 2725)","(215410, 86635, 2725)","syn,(pre) BB,(post) attached twig"
"(189261, 70960, 5083)","(189262, 70985, 5083)","syn,(pre) BB,(post) attached twig"
"(124807, 43096, 4377)","(124805, 43062, 4378)","syn,(pre) BB,(post) orphan twig"
"(179176, 54892, 4317)","(179160, 54917, 4318)",syn-not sure
"(102402, 28550, 3828)","(102428, 28546, 3828)","syn,(pre) BB,(post) orphan twig"
"(175022, 74399, 3472)","(175002, 74444, 3473)","syn,(pre) BB,(post) attached twig"
"(168704, 84166, 3672)","(168732, 84196, 3671)","syn,(pre) orphan twig,(post) attached twig"
"(177308, 47698, 5018)","(177287, 47710, 5018)","syn,(pre) BB,(post) attached twig"
"(120156, 56184, 1615)","(120164, 56208, 1615)",syn-not sure
"(202888, 50218, 5285)","(202892, 50237, 5284)","not syn,same_seg"
"(131172, 73182, 1947)","(131177, 73144, 1947)",not syn
"(127109, 79814, 4207)","(127151, 79822, 4205)",syn-not sure
"(104342, 57999, 2454)","(104361, 58026, 2454)",syn-not sure
"(173674, 68229, 1527)","(173683, 68253, 1527)","syn,(pre) BB,(post) orphan twig"
"(92963, 58603, 4060)","(92987, 58599, 4059)","syn,(pre) BB,(post) orphan twig"
"(127535, 76671, 2523)","(127521, 76652, 2523)","syn,(pre) BB,(post) orphan twig"
"(85760, 80991, 5788)","(85732, 80988, 5789)","syn,(pre) BB,(post) attached twig"
"(151329, 75730, 4673)","(151314, 75765, 4673)","syn,(pre) BB,(post) orphan twig"
"(78361, 53666, 5152)","(78356, 53696, 5152)",not syn
"(92674, 34268, 3770)","(92670, 34251, 3771)",not syn
"(164198, 72539, 2542)","(164189, 72558, 2542)","syn,(pre) BB,(post) orphan twig"
"(73626, 81118, 4628)","(73622, 81080, 4628)","syn,(pre) BB,(post) orphan twig"
"(53848, 62786, 5544)","(53828, 62759, 5543)","syn,(pre) BB,(post) orphan twig"
"(209430, 80588, 4374)","(209410, 80616, 4373)",not syn
"(72808, 69366, 6001)","(72794, 69397, 6003)",syn-not sure
"(194073, 56430, 4244)","(194047, 56444, 4244)","syn,(pre) orphan twig,(post) orphan twig"
"(74164, 52126, 3836)","(74134, 52110, 3836)","syn,(pre) BB,(post) orphan twig"
"(141612, 32308, 1770)","(141590, 32296, 1770)","syn,(pre) BB,(post) BB"
"(151254, 51083, 4590)","(151231, 51052, 4590)","syn,(pre) BB,(post) orphan twig"
"(180598, 63176, 2646)","(180577, 63192, 2646)",not syn
"(194818, 73754, 2900)","(194802, 73721, 2900)",not syn
"(120638, 46618, 4395)","(120660, 46618, 4395)",not syn
"(76106, 79308, 6117)","(76105, 79290, 6116)",not syn
"(146232, 51136, 3365)","(146220, 51142, 3365)",syn-not sure
"(112446, 29209, 4135)","(112437, 29242, 4135)","syn,(pre) BB,(post) orphan twig"
"(122553, 85610, 3054)","(122542, 85624, 3054)",not syn
"(117782, 79986, 4278)","(117790, 79972, 4277)","syn,(pre) BB,(post) orphan twig"
"(139641, 48971, 3610)","(139627, 48954, 3611)","syn,(pre) BB,(post) orphan twig"
"(140984, 41581, 4024)","(140967, 41588, 4024)","syn,(pre) BB,(post) orphan twig"
"(89740, 71461, 4994)","(89766, 71444, 4994)","syn,(pre) BB,(post) attached twig"
"(158181, 51900, 2210)","(158200, 51884, 2210)","syn,(pre) BB,(post) attached twig"
"(122057, 34107, 2871)","(122028, 34070, 2872)",not syn
"(75070, 93734, 4739)","(75084, 93706, 4739)","not syn,same_seg"
"(64248, 49824, 5006)","(64288, 49810, 5005)",syn-not sure
"(162886, 30134, 2697)","(162912, 30119, 2697)","syn,(pre) BB,(post) attached twig"
"(116449, 36337, 3399)","(116471, 36319, 3399)",not syn
"(67344, 46418, 5136)","(67345, 46403, 5135)","not syn,same_seg"
"(159179, 58643, 5180)","(159189, 58641, 5179)","not syn,same_seg"
"(107575, 58890, 4320)","(107566, 58874, 4320)","syn,(pre) BB,(post) attached twig"
"(119066, 53047, 4225)","(119048, 53076, 4224)",syn-not sure
"(85627, 62848, 4822)","(85637, 62871, 4821)","syn,(pre) BB,(post) orphan twig"
"(105355, 38321, 2935)","(105328, 38306, 2934)","syn,(pre) BB,(post) orphan twig"
"(160462, 29030, 3412)","(160483, 29006, 3412)","syn,(pre) BB,(post) orphan twig"
"(183659, 72281, 3248)","(183667, 72312, 3247)","syn,(pre) BB,(post) orphan twig"
"(183318, 93342, 4462)","(183291, 93324, 4463)","syn,(pre) BB,(post) orphan twig"
"(55125, 69410, 4948)","(55137, 69412, 4948)","not syn,same_seg"
"(139588, 50614, 3751)","(139588, 50592, 3750)",not syn
"(189455, 66417, 5265)","(189442, 66438, 5265)","syn,(pre) BB,(post) orphan twig"
"(140499, 27278, 3082)","(140514, 27302, 3081)","not syn,same_seg"
"(106385, 56530, 3147)","(106400, 56535, 3148)","syn,(pre) BB,(post) orphan twig"
"(83461, 44562, 5353)","(83431, 44536, 5354)","syn,(pre) BB,(post) attached twig"
"(66192, 58062, 5893)","(66174, 58038, 5892)",not syn
"(108789, 72541, 3491)","(108796, 72581, 3490)","syn,(pre) BB,(post) BB"
"(81221, 92298, 4908)","(81196, 92263, 4908)","syn,(pre) BB,(post) orphan twig"
"(170353, 35108, 3757)","(170346, 35092, 3758)","syn,(pre) BB,(post) orphan twig"
"(134804, 75464, 4133)","(134840, 75451, 4134)","syn,(pre) BB,(post) orphan twig"
"(171754, 41708, 3809)","(171770, 41672, 3809)","syn,(pre) BB,(post) attached twig"
"(69658, 61540, 5112)","(69625, 61541, 5112)","syn,(pre) BB,(post) attached twig"
"(95991, 45057, 4540)","(96000, 45083, 4539)",syn-not sure
"(104038, 69340, 3236)","(104060, 69383, 3236)","syn,(pre) BB,(post) orphan twig"
"(168538, 61951, 1455)","(168568, 61954, 1455)","syn,(pre) BB,(post) orphan twig"
"(52190, 59987, 5802)","(52194, 60030, 5801)","not syn,same_seg"
"(193575, 94804, 4796)","(193570, 94822, 4797)","syn,(pre) BB,(post) attached twig"
"(150718, 64992, 3631)","(150731, 65005, 3631)","syn,(pre) BB,(post) orphan twig"
"(189070, 63811, 3781)","(189038, 63789, 3780)","syn,(pre) BB,(post) attached twig"
"(97918, 38126, 3002)","(97964, 38147, 3002)","syn,(pre) BB,(post) orphan twig"
"(196946, 91521, 4498)","(196925, 91528, 4499)",not syn
"(186242, 60666, 5635)","(186234, 60701, 5634)",syn-not sure
"(169282, 57694, 3447)","(169284, 57706, 3447)","not syn,same_seg"
"(94985, 77920, 5222)","(95005, 77924, 5222)","not syn,same_seg"
"(122434, 50870, 3505)","(122411, 50848, 3505)","syn,(pre) BB,(post) orphan twig"
"(74929, 80765, 4173)","(74920, 80787, 4172)","syn,(pre) BB,(post) attached twig"
"(140400, 67045, 2257)","(140397, 67074, 2257)","syn,(pre) BB,(post) orphan twig"
"(63202, 65838, 3430)","(63221, 65827, 3429)",not syn
"(170670, 59437, 4381)","(170656, 59395, 4381)",not syn
"(149831, 29247, 2014)","(149805, 29250, 2013)","syn,(pre) BB,(post) orphan twig"
"(114812, 62708, 5030)","(114804, 62732, 5030)","syn,(pre) BB,(post) attached twig"
"(202744, 76941, 3629)","(202750, 76953, 3628)","not syn,same_seg"
"(92590, 32875, 3444)","(92592, 32902, 3444)","syn,(pre) BB,(post) orphan twig"
"(150120, 77721, 4368)","(150118, 77690, 4369)","syn,(pre) BB,(post) orphan twig"
"(164605, 79646, 4502)","(164619, 79617, 4500)","syn,(pre) BB,(post) attached twig"
"(55426, 53444, 5071)","(55424, 53417, 5070)","syn,(pre) BB,(post) attached twig"
"(88864, 65301, 3533)","(88857, 65326, 3533)","syn,(pre) BB,(post) orphan twig"
"(124117, 45760, 4728)","(124100, 45784, 4727)","syn,(pre) BB,(post) orphan twig"
"(171852, 62209, 4855)","(171839, 62204, 4857)","syn,(pre) BB,(post) attached twig"
"(137695, 28458, 2005)","(137686, 28479, 2005)","syn,(pre) BB,(post) orphan twig"
"(179992, 77899, 4776)","(180017, 77911, 4775)","syn,(pre) BB,(post) orphan twig"
"(145035, 80794, 2281)","(145029, 80768, 2282)",not syn
"(111550, 58059, 2740)","(111572, 58034, 2740)","syn,(pre) BB,(post) orphan twig"
"(92892, 62042, 4068)","(92923, 62056, 4068)","syn,(pre) BB,(post) BB"
"(103394, 34263, 2748)","(103374, 34278, 2748)",not syn
"(181531, 57890, 3707)","(181519, 57910, 3707)","syn,(pre) BB,(post) attached twig"
"(32675, 55017, 5060)","(32659, 54986, 5060)",not syn
"(101826, 66275, 3586)","(101846, 66264, 3586)","not syn,same_seg"
"(122233, 49244, 5236)","(122240, 49226, 5234)","not syn,same_seg"
"(85000, 67776, 6359)","(84994, 67754, 6358)","syn,(pre) BB,(post) attached twig"
"(163854, 73275, 4320)","(163828, 73291, 4319)","syn,(pre) BB,(post) orphan twig"
"(120213, 83960, 1837)","(120214, 83985, 1837)","syn,(pre) BB,(post) orphan twig"
"(65000, 80953, 4970)","(64965, 80948, 4971)","syn,(pre) BB,(post) attached twig"
"(89011, 58110, 6006)","(88976, 58098, 6006)","syn,(pre) BB,(post) attached twig"
"(71254, 78619, 6060)","(71260, 78589, 6059)",syn-not sure
"(135746, 87732, 3010)","(135784, 87713, 3009)","syn,(pre) BB,(post) BB"
"(156049, 68786, 3008)","(156060, 68778, 3008)","syn,(pre) BB,(post) orphan twig"
"(78412, 75955, 3797)","(78446, 75940, 3798)","syn,(pre) BB,(post) orphan twig"
"(189268, 73454, 3640)","(189233, 73460, 3639)","syn,(pre) BB,(post) attached twig"
"(121554, 32094, 1839)","(121575, 32073, 1839)","syn,(pre) BB,(post) attached twig"
"(70924, 63876, 5265)","(70958, 63877, 5265)","syn,(pre) BB,(post) orphan twig"
"(137553, 45346, 3162)","(137546, 45376, 3162)","syn,(pre) BB,(post) BB"
"(78249, 68690, 5872)","(78248, 68712, 5872)","syn,(pre) BB,(post) attached twig"
"(134221, 71031, 2561)","(134222, 71016, 2560)",not syn
"(107192, 68363, 2266)","(107207, 68403, 2265)","syn,(pre) BB,(post) orphan twig"
"(94610, 67557, 4754)","(94641, 67579, 4754)","syn,(pre) BB,(post) orphan twig"
"(101550, 55264, 4882)","(101571, 55291, 4882)","syn,(pre) BB,(post) attached twig"
"(52278, 62653, 3694)","(52266, 62687, 3694)","syn,(pre) BB,(post) attached twig"
"(188666, 96626, 4025)","(188642, 96614, 4025)","syn,(pre) BB,(post) attached twig"
"(158399, 36386, 2557)","(158415, 36361, 2557)","syn,(pre) BB,(post) attached twig"
"(210072, 54066, 4036)","(210080, 54066, 4034)","syn,(pre) BB,(post) attached twig"
"(113043, 83322, 3740)","(113064, 83312, 3740)","syn,(pre) BB,(post) orphan twig"
"(57278, 56860, 3872)","(57243, 56839, 3871)","syn,(pre) BB,(post) attached twig"
"(148395, 73674, 3983)","(148406, 73702, 3983)","syn,(pre) BB,(post) attached twig"
"(203566, 68368, 3418)","(203540, 68388, 3418)","syn,(pre) BB,(post) attached twig"
"(190021, 69182, 3637)","(190008, 69150, 3637)",not syn
"(177453, 57935, 4465)","(177487, 57929, 4466)","syn,(pre) BB,(post) orphan twig"
"(183089, 76092, 3656)","(183088, 76051, 3655)","syn,(pre) BB,(post) orphan twig"
"(156000, 29169, 3805)","(156042, 29190, 3806)","syn,(pre) BB,(post) orphan twig"
"(203094, 76430, 5185)","(203089, 76392, 5185)","syn,(pre) BB,(post) orphan twig"
"(106867, 34780, 3995)","(106877, 34815, 3995)","syn,(pre) BB,(post) orphan twig"
"(183348, 83293, 5271)","(183366, 83275, 5270)","syn,(pre) orphan twig,(post) attached twig"
"(165887, 60252, 2043)","(165908, 60235, 2043)","syn,(pre) BB,(post) orphan twig"
"(64717, 55641, 4630)","(64686, 55631, 4630)","syn,(pre) BB,(post) orphan twig"
"(168987, 50218, 2635)","(168993, 50207, 2635)","not syn,same_seg"
"(174627, 63204, 2648)","(174656, 63204, 2647)",not syn
"(141825, 46362, 4297)","(141836, 46368, 4297)","not syn,same_seg"
"(135499, 25223, 2155)","(135509, 25264, 2155)","syn,(pre) orphan twig,(post) orphan twig"
"(130238, 47630, 2755)","(130262, 47621, 2755)",not syn
"(165828, 66674, 4924)","(165860, 66687, 4924)",not syn
"(126082, 37018, 2842)","(126056, 37033, 2841)",not syn
"(146162, 49932, 4522)","(146151, 49972, 4523)",not syn
"(90746, 57062, 4203)","(90746, 57087, 4204)",not syn
"(74422, 48121, 5109)","(74432, 48144, 5108)","not syn,same_seg"
"(141404, 70530, 3785)","(141396, 70508, 3784)",not syn
"(87542, 31833, 4931)","(87566, 31841, 4931)","not syn,same_seg"
"(73152, 54695, 6852)","(73140, 54730, 6852)","not syn,same_seg"
"(107811, 40146, 3846)","(107785, 40166, 3846)","syn,(pre) BB,(post) orphan twig"
"(178180, 61056, 3914)","(178190, 61076, 3913)","syn,(pre) BB,(post) orphan twig"
"(128402, 32960, 1852)","(128404, 32972, 1852)","not syn,same_seg"
"(116589, 54224, 3933)","(116586, 54262, 3933)","syn,(pre) attached twig,(post) BB"
"(125482, 35808, 2927)","(125474, 35847, 2926)",syn-not sure
"(90632, 45512, 4337)","(90647, 45548, 4337)","syn,(pre) attached twig,(post) attached twig"
"(76922, 57313, 4008)","(76951, 57300, 4007)",not syn
"(167503, 48181, 2659)","(167534, 48186, 2659)","syn,(pre) BB,(post) orphan twig"
"(92330, 69348, 3902)","(92320, 69302, 3901)",not syn
"(97256, 38519, 4771)","(97241, 38526, 4771)","not syn,same_seg"
"(113343, 42786, 4185)","(113352, 42778, 4187)","syn,(pre) attached twig,(post) attached twig"
"(133392, 87550, 3744)","(133375, 87507, 3743)","syn,(pre) BB,(post) orphan twig"
"(129736, 49668, 4181)","(129713, 49672, 4183)","syn,(pre) BB,(post) orphan twig"
"(109648, 32163, 4924)","(109641, 32192, 4923)","syn,(pre) BB,(post) attached twig"
"(90658, 57651, 5322)","(90660, 57680, 5321)","syn,(pre) BB,(post) orphan twig"
"(173092, 71782, 3781)","(173116, 71781, 3781)",syn-not sure
"(149888, 42648, 3907)","(149875, 42644, 3908)","syn,(pre) BB,(post) orphan twig"
"(152081, 30203, 2664)","(152074, 30228, 2664)","syn,(pre) BB,(post) orphan twig"
"(103712, 27467, 3447)","(103718, 27500, 3447)","syn,(pre) orphan twig,(post) orphan twig"
"(127012, 35688, 4555)","(127000, 35678, 4554)","syn,(pre) BB,(post) attached twig"
"(88136, 65258, 5163)","(88105, 65248, 5160)",syn-not sure
"(170108, 46554, 2527)","(170080, 46542, 2527)",not syn
"(142982, 55664, 1220)","(143015, 55652, 1219)","syn,(pre) BB,(post) attached twig"
"(87600, 74271, 4759)","(87588, 74286, 4759)",syn-not sure
"(159446, 63224, 4512)","(159482, 63224, 4512)",syn-not sure
"(179957, 59954, 4046)","(179945, 59966, 4046)","syn,(pre) BB,(post) orphan twig"
"(100354, 78786, 3674)","(100358, 78790, 3674)",not syn
"(68982, 64803, 4904)","(68962, 64818, 4904)","syn,(pre) BB,(post) attached twig"
"(161755, 22913, 3208)","(161762, 22904, 3209)",not syn
"(179458, 59036, 4363)","(179441, 59038, 4361)","not syn,same_seg"
"(152511, 64200, 4585)","(152512, 64222, 4585)","syn,(pre) BB,(post) attached twig"
"(178568, 39669, 3962)","(178598, 39668, 3962)","syn,(pre) BB,(post) orphan twig"
"(123714, 27386, 2572)","(123728, 27370, 2572)","syn,(pre) BB,(post) orphan twig"
"(117060, 76962, 2388)","(117067, 76985, 2387)","syn,(pre) attached twig,(post) orphan twig"
"(188463, 54700, 3359)","(188477, 54684, 3360)",not syn
"(59281, 86280, 5465)","(59305, 86294, 5465)",not syn
"(61803, 54410, 6407)","(61772, 54413, 6407)","syn,(pre) BB,(post) orphan twig"
"(81127, 53068, 5282)","(81108, 53044, 5282)","syn,(pre) BB,(post) attached twig"
"(73140, 68299, 3558)","(73116, 68286, 3559)","syn,(pre) BB,(post) BB"
"(171476, 73889, 5257)","(171497, 73894, 5257)","syn,(pre) BB,(post) attached twig"
"(144862, 34174, 1878)","(144851, 34148, 1878)","syn,(pre) BB,(post) orphan twig"
"(96717, 69030, 5496)","(96708, 68986, 5497)",not syn
"(168551, 73999, 3633)","(168561, 74024, 3632)","syn,(pre) BB,(post) orphan twig"
"(144604, 29258, 1389)","(144624, 29247, 1388)","syn,(pre) BB,(post) orphan twig"
"(104762, 52496, 3293)","(104724, 52516, 3293)",syn-not sure
"(180498, 91660, 3525)","(180533, 91637, 3525)","syn,(pre) BB,(post) orphan twig"
"(84526, 56820, 2960)","(84523, 56812, 2959)","syn,(pre) BB,(post) orphan twig"
"(70076, 89819, 5335)","(70074, 89798, 5334)",not syn
"(176396, 87339, 3909)","(176401, 87362, 3910)",not syn
"(91616, 62529, 5679)","(91626, 62509, 5679)","syn,(pre) attached twig,(post) attached twig"
"(143629, 27356, 3407)","(143620, 27372, 3408)","syn,(pre) BB,(post) attached twig"
"(78366, 56794, 3111)","(78388, 56828, 3111)","not syn,same_seg"
"(76493, 52668, 3146)","(76496, 52701, 3146)","not syn,same_seg"
"(140198, 35945, 1432)","(140168, 35927, 1432)","syn,(pre) BB,(post) orphan twig"
"(109699, 53484, 775)","(109708, 53535, 776)",syn-not sure
"(68584, 63668, 5529)","(68547, 63678, 5528)",not syn
"(55954, 54942, 4661)","(55964, 54964, 4661)","syn,(pre) BB,(post) attached twig"
"(100498, 58462, 4203)","(100514, 58444, 4202)",syn-not sure
"(77765, 78454, 5911)","(77746, 78436, 5912)",not syn
"(92509, 67615, 5460)","(92488, 67597, 5460)",not syn
"(65087, 50940, 3984)","(65078, 50973, 3984)","syn,(pre) BB,(post) orphan twig"
"(194911, 77422, 3691)","(194938, 77404, 3689)","syn,(pre) BB,(post) attached twig"
"(80741, 74571, 3149)","(80730, 74556, 3149)","not syn,same_seg"
"(67500, 78433, 4917)","(67531, 78437, 4918)","syn,(pre) BB,(post) attached twig"
"(170043, 67595, 2767)","(170027, 67594, 2766)",syn-not sure
"(184299, 62210, 3811)","(184322, 62200, 3811)","syn,(pre) BB,(post) BB"
"(94776, 62851, 2209)","(94755, 62874, 2209)","syn,(pre) BB,(post) attached twig"
"(127373, 48726, 4001)","(127370, 48709, 4002)",syn-not sure
"(109998, 61996, 4233)","(110019, 62010, 4232)","syn,(pre) BB,(post) attached twig"
"(147143, 70148, 1085)","(147169, 70150, 1086)","syn,(pre) attached twig,(post) orphan twig"
"(178156, 70749, 3551)","(178180, 70721, 3552)",syn-not sure
"(68252, 64588, 3977)","(68243, 64551, 3977)","syn,(pre) BB,(post) attached twig"
"(139248, 59356, 4134)","(139262, 59343, 4134)","not syn,same_seg"
"(97093, 29830, 3411)","(97095, 29852, 3411)","syn,(pre) BB,(post) attached twig"
"(83464, 53263, 3341)","(83446, 53246, 3340)","syn,(pre) BB,(post) orphan twig"
"(133370, 76460, 1754)","(133406, 76436, 1754)","syn,(pre) attached twig,(post) orphan twig"
"(127546, 80077, 2406)","(127561, 80052, 2405)","syn,(pre) BB,(post) orphan twig"
"(78359, 44508, 4683)","(78380, 44534, 4683)","syn,(pre) BB,(post) attached twig"
"(135639, 84842, 2785)","(135647, 84870, 2785)","syn,(pre) BB,(post) attached twig"
"(97276, 63110, 5612)","(97266, 63077, 5613)","syn,(pre) BB,(post) orphan twig"
"(97794, 63086, 5758)","(97774, 63088, 5757)",not syn
"(93658, 62454, 3452)","(93666, 62458, 3454)",syn-not sure
"(138462, 36671, 3076)","(138449, 36685, 3076)",not syn
"(179896, 54144, 4956)","(179874, 54153, 4956)","syn,(pre) attached twig,(post) attached twig"
"(61222, 83345, 5222)","(61249, 83346, 5222)",syn-not sure
"(119646, 37120, 2518)","(119615, 37116, 2518)","syn,(pre) orphan twig,(post) orphan twig"
"(100989, 45282, 4152)","(100975, 45300, 4152)","syn,(pre) attached twig,(post) attached twig"
"(173642, 63849, 1912)","(173633, 63850, 1911)","not syn,same_seg"
"(178398, 34716, 3885)","(178429, 34725, 3885)","syn,(pre) BB,(post) orphan twig"
"(109192, 37193, 4435)","(109220, 37165, 4436)","syn,(pre) BB,(post) orphan twig"
"(81596, 44086, 5396)","(81584, 44093, 5396)","not syn,same_seg"
"(177331, 70015, 5655)","(177372, 70016, 5655)","syn,(pre) BB,(post) orphan twig"
"(218906, 81040, 3873)","(218917, 81007, 3873)","syn,(pre) BB,(post) attached twig"
"(142966, 82356, 2795)","(142962, 82351, 2796)",syn-not sure
"(178997, 86809, 3189)","(178996, 86830, 3188)",not syn
"(191150, 74070, 3920)","(191107, 74066, 3921)",syn-not sure
"(206230, 82208, 4345)","(206214, 82224, 4345)","syn,(pre) BB,(post) attached twig"
"(126272, 27321, 2066)","(126273, 27348, 2066)","syn,(pre) BB,(post) orphan twig"
"(140359, 67639, 1107)","(140382, 67602, 1108)","syn,(pre) BB,(post) orphan twig"
"(96162, 60043, 2192)","(96164, 60017, 2191)","syn,(pre) BB,(post) attached twig"
"(176661, 84439, 3274)","(176660, 84459, 3274)","syn,(pre) BB,(post) attached twig"
"(185646, 85406, 4151)","(185645, 85394, 4151)","not syn,same_seg"
"(103240, 51562, 4224)","(103228, 51520, 4224)","syn,(pre) BB,(post) attached twig"
"(140193, 36476, 2603)","(140170, 36472, 2604)",not syn
"(111156, 49504, 4055)","(111157, 49487, 4056)","syn,(pre) BB,(post) orphan twig"
"(79340, 70976, 3802)","(79364, 70944, 3804)","syn,(pre) BB,(post) orphan twig"
"(59923, 61157, 6423)","(59920, 61183, 6423)","syn,(pre) BB,(post) attached twig"
"(108737, 32984, 5131)","(108718, 32965, 5131)","syn,(pre) BB,(post) attached twig"
"(195972, 77372, 4135)","(195999, 77382, 4134)",not syn
"(146288, 57228, 4100)","(146293, 57203, 4099)",not syn
"(127459, 30272, 1552)","(127484, 30318, 1552)","syn,(pre) BB,(post) orphan twig"
"(81568, 69765, 4078)","(81538, 69756, 4078)","syn,(pre) attached twig,(post) attached twig"
"(157901, 49194, 2579)","(157935, 49191, 2579)","syn,(pre) BB,(post) BB"
"(170171, 38402, 2764)","(170184, 38412, 2767)",syn-not sure
"(68449, 64956, 5705)","(68436, 64983, 5704)","syn,(pre) BB,(post) attached twig"
"(65779, 70051, 4902)","(65795, 70032, 4902)","syn,(pre) BB,(post) orphan twig"
"(172995, 43926, 3555)","(172980, 43940, 3556)","syn,(pre) orphan twig,(post) orphan twig"
"(163500, 35814, 3460)","(163494, 35802, 3463)","syn,(pre) BB,(post) orphan twig"
"(118186, 70198, 3642)","(118185, 70209, 3644)",syn-not sure
"(153724, 46412, 3577)","(153745, 46444, 3577)","syn,(pre) BB,(post) attached twig"
"(130288, 56518, 6376)","(130275, 56560, 6378)",not syn
"(200907, 68859, 4054)","(200914, 68846, 4055)","not syn,same_seg"
"(181988, 90818, 5207)","(181960, 90801, 5207)","not syn,same_seg"
"(64588, 51648, 5131)","(64617, 51652, 5131)",not syn
"(86584, 88185, 5074)","(86618, 88180, 5074)","syn,(pre) BB,(post) attached twig"
"(122177, 79485, 1920)","(122169, 79452, 1920)","syn,(pre) BB,(post) attached twig"
"(172262, 42400, 4446)","(172241, 42420, 4446)","syn,(pre) BB,(post) orphan twig"
"(54264, 53607, 6142)","(54258, 53576, 6141)",not syn
"(106870, 72615, 5398)","(106901, 72637, 5399)","not syn,same_seg"
"(83568, 78427, 3929)","(83537, 78432, 3929)",not syn
"(45617, 61909, 3829)","(45624, 61869, 3829)",not syn
"(128392, 46144, 3174)","(128416, 46156, 3174)",not syn
"(113601, 52524, 3633)","(113606, 52496, 3634)","syn,(pre) BB,(post) orphan twig"
"(112391, 82624, 1999)","(112412, 82652, 1999)","syn,(pre) BB,(post) orphan twig"
"(163149, 53554, 1346)","(163145, 53580, 1346)","syn,(pre) BB,(post) orphan twig"
"(147222, 40578, 3314)","(147257, 40576, 3315)","syn,(pre) attached twig,(post) attached twig"
"(141866, 54556, 4353)","(141862, 54540, 4352)","syn,(pre) BB,(post) attached twig"
"(77888, 43923, 5617)","(77890, 43885, 5619)",not syn
"(144065, 78093, 3125)","(144046, 78070, 3125)","syn,(pre) BB,(post) orphan twig"
"(143352, 65638, 2080)","(143325, 65656, 2080)","syn,(pre) attached twig,(post) attached twig"
"(126851, 79540, 3309)","(126839, 79547, 3310)",not syn
"(155195, 74670, 3496)","(155182, 74696, 3496)","syn,(pre) BB,(post) orphan twig"
"(74530, 62430, 5141)","(74532, 62418, 5142)","not syn,same_seg"
"(176554, 59485, 2753)","(176558, 59457, 2753)","syn,(pre) BB,(post) attached twig"
"(121397, 56061, 4077)","(121428, 56070, 4077)","syn,(pre) BB,(post) orphan twig"
"(68143, 49066, 4923)","(68142, 49088, 4923)","syn,(pre) attached twig,(post) BB"
"(199336, 50048, 4185)","(199364, 50054, 4185)",syn-not sure
"(121118, 46650, 4384)","(121078, 46643, 4383)",syn-not sure
"(123586, 79396, 3507)","(123564, 79415, 3507)","syn,(pre) BB,(post) orphan twig"
"(54560, 75303, 5443)","(54560, 75273, 5442)",not syn
"(155121, 66004, 5041)","(155144, 66022, 5041)","syn,(pre) BB,(post) BB"
"(110815, 71336, 2622)","(110836, 71351, 2622)","not syn,same_seg"
"(58061, 79785, 4996)","(58041, 79801, 4996)","syn,(pre) attached twig,(post) attached twig"
"(126970, 65464, 2757)","(126940, 65473, 2757)","syn,(pre) BB,(post) orphan twig"
"(174690, 60055, 2444)","(174677, 60074, 2444)","syn,(pre) BB,(post) attached twig"
"(178469, 39535, 3233)","(178489, 39529, 3232)","not syn,same_seg"
"(214841, 73807, 3392)","(214800, 73785, 3391)",syn-not sure
"(116251, 74888, 1859)","(116264, 74866, 1859)","syn,(pre) BB,(post) orphan twig"
"(169517, 83085, 3946)","(169536, 83066, 3946)",not syn
"(95175, 45029, 3906)","(95163, 44998, 3906)","syn,(pre) BB,(post) orphan twig"
"(148480, 81223, 4468)","(148475, 81250, 4467)","syn,(pre) BB,(post) orphan twig"
"(136598, 51120, 3287)","(136580, 51102, 3287)","syn,(pre) BB,(post) orphan twig"
"(122583, 86345, 4087)","(122623, 86339, 4086)","syn,(pre) BB,(post) attached twig"
"(102196, 31776, 3100)","(102168, 31775, 3101)","syn,(pre) BB,(post) orphan twig"
"(196459, 80470, 4889)","(196467, 80478, 4888)","not syn,same_seg"
"(146044, 28258, 2094)","(146020, 28258, 2094)","syn,(pre) BB,(post) orphan twig"
"(167159, 81792, 3397)","(167116, 81803, 3397)",not syn
"(92629, 42594, 5439)","(92629, 42585, 5438)","not syn,same_seg"
"(86282, 75026, 4437)","(86264, 75026, 4437)","syn,(pre) BB,(post) orphan twig"
"(155459, 33401, 3177)","(155449, 33436, 3177)","syn,(pre) orphan twig,(post) orphan twig"
"(137896, 36622, 1760)","(137909, 36602, 1761)",not syn
"(70001, 69130, 5670)","(69972, 69110, 5670)","syn,(pre) BB,(post) attached twig"
"(160137, 43434, 2306)","(160102, 43436, 2307)",syn-not sure
"(65979, 74260, 3963)","(66014, 74280, 3962)",syn-not sure
"(89522, 76158, 5204)","(89522, 76178, 5204)","syn,(pre) BB,(post) attached twig"
"(190781, 65424, 3296)","(190742, 65403, 3296)","syn,(pre) BB,(post) orphan twig"
"(146661, 68738, 4240)","(146693, 68764, 4240)","syn,(pre) BB,(post) BB"
"(162810, 73409, 2996)","(162777, 73410, 2995)","syn,(pre) BB,(post) orphan twig"
"(111915, 38502, 3459)","(111930, 38482, 3459)",not syn
"(159666, 66473, 2256)","(159643, 66460, 2255)","syn,(pre) BB,(post) BB"
"(151013, 52910, 3255)","(150996, 52929, 3255)","syn,(pre) BB,(post) orphan twig"
"(154618, 28408, 1822)","(154603, 28391, 1822)","syn,(pre) BB,(post) BB"
"(202674, 66862, 3209)","(202642, 66886, 3208)","syn,(pre) BB,(post) attached twig"
"(184643, 68988, 5471)","(184624, 68994, 5472)","syn,(pre) BB,(post) attached twig"
"(135288, 71926, 2919)","(135309, 71937, 2919)","syn,(pre) BB,(post) orphan twig"
"(153206, 80486, 3600)","(153203, 80451, 3600)",not syn
"(166623, 43234, 2306)","(166611, 43216, 2307)",not syn
"(191272, 74595, 3795)","(191264, 74599, 3794)",syn-not sure
"(81050, 79674, 5973)","(81077, 79667, 5972)",syn-not sure
"(181725, 80674, 3414)","(181712, 80661, 3414)","not syn,same_seg"
"(138516, 70118, 3839)","(138504, 70106, 3837)","syn,(pre) BB,(post) orphan twig"
"(152988, 40652, 3357)","(152974, 40679, 3357)","syn,(pre) BB,(post) attached twig"
"(165227, 70322, 1610)","(165244, 70311, 1611)","syn,(pre) BB,(post) orphan twig"
"(49808, 64112, 3548)","(49784, 64128, 3549)","syn,(pre) BB,(post) attached twig"
"(82090, 51416, 5644)","(82092, 51440, 5643)","syn,(pre) BB,(post) orphan twig"
"(154604, 29667, 3583)","(154592, 29690, 3583)","not syn,same_seg"
"(40834, 77118, 3822)","(40814, 77100, 3821)","syn,(pre) BB,(post) orphan twig"
"(114384, 69788, 2958)","(114369, 69815, 2957)","syn,(pre) BB,(post) orphan twig"
"(125242, 43666, 3477)","(125237, 43695, 3476)","syn,(pre) BB,(post) orphan twig"
"(120714, 45397, 3665)","(120705, 45379, 3666)",syn-not sure
"(163906, 54237, 4297)","(163934, 54252, 4297)","syn,(pre) BB,(post) BB"
"(79310, 50846, 6433)","(79348, 50874, 6432)",syn-not sure
"(116893, 67007, 3613)","(116853, 67016, 3613)",not syn
"(158675, 64034, 2660)","(158648, 64040, 2659)","syn,(pre) BB,(post) orphan twig"
"(56414, 57715, 4725)","(56409, 57686, 4725)","syn,(pre) BB,(post) BB"
"(95163, 62577, 3548)","(95156, 62566, 3550)","syn,(pre) BB,(post) orphan twig"
"(197066, 74972, 3763)","(197021, 74938, 3764)","syn,(pre) BB,(post) orphan twig"
"(187135, 54756, 5655)","(187106, 54760, 5655)","syn,(pre) BB,(post) BB"
"(176836, 75188, 4439)","(176810, 75166, 4436)",not syn
"(171588, 69013, 4463)","(171577, 69036, 4463)","syn,(pre) BB,(post) attached twig"
"(172902, 37990, 4175)","(172890, 38006, 4176)","syn,(pre) BB,(post) orphan twig"
"(107092, 33654, 2039)","(107127, 33663, 2039)",syn-not sure
"(174196, 65633, 4217)","(174180, 65656, 4217)","syn,(pre) BB,(post) orphan twig"
"(89597, 62716, 5519)","(89570, 62704, 5519)","syn,(pre) BB,(post) attached twig"
"(140833, 64492, 3229)","(140809, 64501, 3228)",syn-not sure
"(151574, 53549, 5277)","(151545, 53538, 5277)","not syn,same_seg"
"(137353, 32908, 2519)","(137328, 32886, 2519)","syn,(pre) BB,(post) BB"
"(182578, 71050, 2729)","(182588, 71078, 2729)","syn,(pre) BB,(post) BB"
"(59235, 65178, 6352)","(59257, 65153, 6351)",syn-not sure
"(155060, 51239, 3292)","(155072, 51227, 3291)","syn,(pre) BB,(post) orphan twig"
"(128105, 76851, 5440)","(128123, 76879, 5439)","syn,(pre) BB,(post) orphan twig"
"(160902, 37594, 3155)","(160903, 37612, 3155)","syn,(pre) BB,(post) attached twig"
"(135464, 71853, 3010)","(135461, 71884, 3010)","syn,(pre) BB,(post) orphan twig"
"(185571, 61558, 3960)","(185588, 61560, 3959)",syn-not sure
"(174524, 57797, 4163)","(174540, 57821, 4163)","syn,(pre) BB,(post) attached twig"
"(146098, 58320, 4911)","(146095, 58322, 4912)","not syn,same_seg"
"(68374, 84730, 4410)","(68398, 84720, 4409)","syn,(pre) BB,(post) attached twig"
"(105899, 52136, 3152)","(105920, 52098, 3152)","syn,(pre) BB,(post) orphan twig"
"(96577, 64690, 5979)","(96536, 64680, 5981)","syn,(pre) attached twig,(post) attached twig"
"(120749, 26808, 2470)","(120738, 26777, 2470)",not syn
"(202379, 75768, 2017)","(202352, 75792, 2017)",not syn
"(175307, 89097, 4574)","(175321, 89125, 4574)",syn
"(97043, 36152, 2673)","(97021, 36130, 2673)",syn-not sure
"(63912, 64592, 5309)","(63939, 64604, 5309)","syn,(pre) BB,(post) attached twig"
"(176548, 54612, 5282)","(176540, 54636, 5282)","syn,(pre) BB,(post) orphan twig"
"(217258, 57950, 3367)","(217221, 57978, 3368)","syn,(pre) BB,(post) orphan twig"
"(95716, 50395, 3505)","(95702, 50402, 3507)","syn,(pre) BB,(post) orphan twig"
"(177612, 79704, 3952)","(177594, 79691, 3953)","syn,(pre) BB,(post) orphan twig"
"(147196, 50286, 1981)","(147150, 50268, 1981)","syn,(pre) BB,(post) BB"
"(89662, 39658, 4058)","(89670, 39642, 4058)","syn,(pre) BB,(post) orphan twig"
"(53622, 46872, 4017)","(53596, 46861, 4016)","syn,(pre) BB,(post) orphan twig"
"(113901, 80610, 3992)","(113920, 80612, 3992)","not syn,same_seg"
"(68710, 87786, 5950)","(68695, 87815, 5950)","not syn,same_seg"
"(65496, 64395, 4912)","(65498, 64428, 4911)","syn,(pre) BB,(post) attached twig"
"(82914, 53889, 6279)","(82924, 53950, 6277)",not syn
"(122576, 71132, 2291)","(122581, 71120, 2292)","not syn,same_seg"
"(118496, 80564, 2449)","(118493, 80532, 2449)",not syn
"(185510, 51156, 2937)","(185477, 51171, 2936)","syn,(pre) BB,(post) BB"
"(146872, 37309, 2800)","(146865, 37338, 2800)","syn,(pre) BB,(post) BB"
"(196862, 80968, 3156)","(196864, 80985, 3156)",not syn
"(108359, 41128, 1538)","(108349, 41154, 1539)","syn,(pre) BB,(post) attached twig"
"(92082, 65602, 5121)","(92076, 65602, 5119)","syn,(pre) BB,(post) attached twig"
"(162486, 69796, 3743)","(162456, 69766, 3743)",not syn
"(197426, 87746, 3924)","(197394, 87748, 3925)",syn-not sure
"(177832, 41991, 3719)","(177830, 42006, 3718)",not syn
"(198390, 81400, 3365)","(198362, 81424, 3365)","syn,(pre) BB,(post) attached twig"
"(170401, 55814, 2538)","(170402, 55783, 2537)","syn,(pre) BB,(post) orphan twig"
"(175380, 52587, 5311)","(175372, 52555, 5312)",not syn
"(119161, 73948, 1805)","(119167, 73928, 1805)","syn,(pre) BB,(post) attached twig"
"(76902, 48380, 5424)","(76890, 48359, 5424)",not syn
"(120649, 33068, 2920)","(120674, 33080, 2921)","syn,(pre) BB,(post) orphan twig"
"(95801, 66893, 2531)","(95834, 66894, 2531)","syn,(pre) BB,(post) orphan twig"
"(179806, 64519, 3525)","(179797, 64527, 3526)","syn,(pre) BB,(post) attached twig"
"(168464, 48599, 3035)","(168463, 48574, 3033)",not syn
"(195470, 51522, 4199)","(195484, 51510, 4197)","syn,(pre) BB,(post) attached twig"
"(178660, 56512, 3940)","(178687, 56499, 3940)","syn,(pre) BB,(post) attached twig"
"(78554, 51196, 6503)","(78554, 51228, 6503)","syn,(pre) BB,(post) BB"
"(186123, 73839, 5779)","(186118, 73879, 5778)","not syn,same_seg"
"(76064, 79000, 5242)","(76052, 78979, 5244)",not syn
"(53686, 53750, 6488)","(53637, 53708, 6486)",not syn
"(69530, 57200, 5209)","(69490, 57192, 5209)",syn-not sure
"(178459, 87284, 3313)","(178489, 87283, 3313)","syn,(pre) BB,(post) orphan twig"
"(70292, 62188, 3811)","(70290, 62213, 3809)","syn,(pre) BB,(post) attached twig"
"(197098, 64887, 3879)","(197076, 64856, 3878)","syn,(pre) BB,(post) attached twig"
"(169993, 57591, 3993)","(170012, 57602, 3993)","syn,(pre) BB,(post) BB"
"(177736, 55870, 2129)","(177763, 55866, 2130)","syn,(pre) BB,(post) orphan twig"
"(84974, 74884, 4875)","(84944, 74883, 4875)","syn,(pre) BB,(post) attached twig"
"(177586, 74171, 3654)","(177612, 74187, 3653)",not syn
"(73204, 74102, 6058)","(73182, 74099, 6057)","syn,(pre) BB,(post) attached twig"
"(200757, 76013, 4022)","(200772, 75995, 4022)","syn,(pre) BB,(post) orphan twig"
"(147332, 75728, 3354)","(147330, 75758, 3354)","syn,(pre) BB,(post) attached twig"
"(87223, 66184, 6411)","(87210, 66201, 6411)","syn,(pre) BB,(post) attached twig"
"(110025, 55440, 4111)","(110013, 55455, 4112)","syn,(pre) BB,(post) attached twig"
"(160867, 84256, 2738)","(160853, 84223, 2737)","not syn,same_seg"
"(90574, 68446, 4708)","(90560, 68427, 4707)","syn,(pre) attached twig,(post) attached twig"
"(143068, 57766, 1881)","(143059, 57728, 1881)",not syn
"(116443, 24912, 3218)","(116408, 24938, 3218)","syn,(pre) BB,(post) orphan twig"
"(154436, 59747, 4105)","(154406, 59767, 4104)",syn-not sure
"(175663, 57348, 4598)","(175634, 57360, 4599)","syn,(pre) BB,(post) orphan twig"
"(171366, 36548, 2972)","(171376, 36576, 2972)","syn,(pre) BB,(post) orphan twig"
"(187578, 67204, 2363)","(187583, 67229, 2364)","syn,(pre) BB,(post) attached twig"
"(120891, 35618, 3152)","(120901, 35646, 3152)","syn,(pre) BB,(post) orphan twig"
"(175567, 81664, 3047)","(175575, 81642, 3048)","syn,(pre) BB,(post) attached twig"
"(137016, 78408, 3496)","(136998, 78432, 3493)",not syn
"(163301, 50820, 3746)","(163288, 50796, 3747)","syn,(pre) BB,(post) attached twig"
"(72438, 77307, 4676)","(72457, 77323, 4677)","syn,(pre) BB,(post) BB"
"(159599, 57633, 1608)","(159618, 57640, 1608)","not syn,same_seg"
"(188301, 81364, 4024)","(188332, 81360, 4024)","syn,(pre) BB,(post) attached twig"
"(68517, 42683, 5826)","(68522, 42684, 5824)","syn,(pre) BB,(post) orphan twig"
"(173920, 56066, 3117)","(173912, 56038, 3116)","syn,(pre) BB,(post) BB"
"(95792, 49291, 4041)","(95813, 49312, 4041)","syn,(pre) BB,(post) orphan twig"
"(140600, 53328, 1018)","(140614, 53296, 1017)","not syn,same_seg"
"(119606, 54043, 4546)","(119588, 54062, 4546)","syn,(pre) BB,(post) orphan twig"
"(187504, 76338, 3029)","(187508, 76352, 3027)",not syn
"(138979, 62843, 1828)","(138996, 62864, 1829)","syn,(pre) BB,(post) BB"
"(147992, 53543, 457)","(147974, 53555, 454)","not syn,same_seg"
"(218390, 62095, 3711)","(218418, 62100, 3710)",not syn
"(177456, 34027, 3044)","(177490, 34019, 3044)","syn,(pre) BB,(post) attached twig"
"(111974, 35771, 2899)","(112012, 35798, 2899)","syn,(pre) BB,(post) BB"
"(127705, 25229, 3086)","(127713, 25222, 3087)",not syn
"(116707, 26148, 3194)","(116688, 26169, 3195)","syn,(pre) BB,(post) orphan twig"
"(117516, 49294, 5077)","(117534, 49282, 5076)","syn,(pre) BB,(post) orphan twig"
"(199638, 63494, 4180)","(199684, 63481, 4180)",syn-not sure
"(81360, 47206, 5589)","(81359, 47192, 5588)",syn-not sure
"(126628, 67919, 3265)","(126604, 67913, 3265)","syn,(pre) BB,(post) attached twig"
"(182642, 61940, 2454)","(182620, 61950, 2454)","syn,(pre) attached twig,(post) attached twig"
"(197742, 70809, 5058)","(197722, 70812, 5058)","syn,(pre) BB,(post) orphan twig"
"(198486, 76248, 3133)","(198477, 76222, 3133)","syn,(pre) BB,(post) attached twig"
"(129300, 43918, 3503)","(129300, 43937, 3504)","syn,(pre) orphan twig,(post) attached twig"
"(185847, 58582, 3721)","(185856, 58608, 3720)","not syn,same_seg"
"(111503, 32630, 3869)","(111486, 32603, 3869)","syn,(pre) BB,(post) orphan twig"
"(149169, 68298, 4711)","(149179, 68262, 4711)","syn,(pre) BB,(post) attached twig"
"(73363, 67533, 3249)","(73359, 67536, 3251)",syn-not sure
"(91475, 66525, 4519)","(91461, 66517, 4520)",syn-not sure
"(163538, 26979, 2973)","(163512, 26999, 2973)","syn,(pre) BB,(post) attached twig"
"(87288, 62442, 6542)","(87279, 62414, 6542)","syn,(pre) BB,(post) orphan twig"
"(108014, 26462, 2471)","(108010, 26487, 2472)","syn,(pre) BB,(post) orphan twig"
"(77483, 86683, 4036)","(77501, 86666, 4036)","syn,(pre) BB,(post) attached twig"
"(144777, 71050, 3105)","(144798, 71077, 3104)","syn,(pre) BB,(post) orphan twig"
"(204872, 69882, 3532)","(204883, 69882, 3530)",syn-not sure
"(159739, 46105, 3898)","(159724, 46127, 3897)",syn-not sure
"(169290, 62832, 4616)","(169291, 62870, 4616)","syn,(pre) BB,(post) attached twig"
"(118829, 72756, 3438)","(118831, 72784, 3438)","syn,(pre) BB,(post) attached twig"
"(169955, 85415, 4044)","(169972, 85430, 4044)","syn,(pre) BB,(post) orphan twig"
"(77916, 85135, 3877)","(77906, 85106, 3877)",not syn
"(183318, 60490, 4645)","(183351, 60499, 4645)",not syn
"(125315, 37648, 2231)","(125290, 37653, 2231)","syn,(pre) BB,(post) orphan twig"
"(103473, 64860, 5496)","(103452, 64849, 5496)","not syn,same_seg"
"(95274, 30625, 2992)","(95272, 30642, 2990)","syn,(pre) BB,(post) attached twig"
"(163141, 67051, 3561)","(163172, 67030, 3561)","syn,(pre) BB,(post) attached twig"
"(187693, 51002, 5375)","(187708, 50984, 5375)","syn,(pre) BB,(post) orphan twig"
"(77715, 52136, 4971)","(77725, 52109, 4971)",syn-not sure
"(93382, 67475, 5037)","(93394, 67456, 5037)","syn,(pre) BB,(post) orphan twig"
"(71185, 59525, 4617)","(71190, 59504, 4617)","syn,(pre) BB,(post) attached twig"
"(206079, 53113, 4826)","(206062, 53162, 4827)","not syn,same_seg"
"(121388, 83696, 4682)","(121385, 83716, 4682)","not syn,same_seg"
"(119297, 77017, 3938)","(119270, 77009, 3937)","syn,(pre) BB,(post) orphan twig"
"(77134, 43940, 5243)","(77173, 43968, 5243)",not syn
"(85818, 45188, 5209)","(85799, 45164, 5209)",not syn
"(130254, 81027, 2830)","(130221, 81018, 2830)",syn-not sure
"(141377, 57003, 4560)","(141389, 57022, 4559)",syn-not sure
"(169028, 83208, 4931)","(169017, 83232, 4930)",not syn
"(215889, 60087, 5374)","(215883, 60128, 5373)",not syn
"(146638, 71302, 2037)","(146632, 71281, 2036)",not syn
"(185059, 87844, 3139)","(185049, 87803, 3139)",syn-not sure
"(71348, 60833, 4681)","(71360, 60810, 4681)",not syn
"(76106, 79193, 3175)","(76068, 79182, 3174)","not syn,same_seg"
"(89833, 77163, 6103)","(89840, 77131, 6103)",not syn
"(106568, 33984, 2071)","(106566, 33985, 2073)","syn,(pre) BB,(post) orphan twig"
"(84646, 43443, 4849)","(84618, 43448, 4848)",not syn
"(137676, 59598, 3382)","(137696, 59623, 3382)","syn,(pre) BB,(post) orphan twig"
"(203137, 55382, 5062)","(203110, 55360, 5061)","syn,(pre) BB,(post) orphan twig"
"(152488, 36460, 3417)","(152485, 36450, 3416)","not syn,same_seg"
